congress,chamber,icpsr,state_icpsr,district_code,state_abbrev,party_code,occupancy,last_means,bioname,bioguide_id,born,died,nominate_dim1,nominate_dim2,nominate_log_likelihood,nominate_geo_mean_probability,nominate_number_of_votes,nominate_number_of_errors,conditional,nokken_poole_dim1,nokken_poole_dim2
97,President,99907,99,0,USA,200,0,0,"REAGAN, Ronald Wilson",,1911,2004.0,0.692,-0.713,-103.6031,0.741,345,43,,,
97,House,10717,41,2,AL,200,0,1,"DICKINSON, William Louis",D000326,1925,2008.0,0.398,-0.057,-328.03759,0.581,605,134,,0.486,-0.364
97,House,10721,41,1,AL,200,0,1,"EDWARDS, William Jackson (Jack)",E000084,1928,2019.0,0.177,0.161,-253.58387,0.668,628,118,,0.156,0.006
97,House,11000,41,4,AL,100,0,1,"BEVILL, Tom",B000431,1921,2005.0,-0.213,0.976,-152.7205,0.79,648,59,,-0.258,0.966
97,House,11037,41,3,AL,100,0,1,"NICHOLS, William Flynt",N000095,1918,1988.0,-0.042,0.872,-173.85314,0.75,604,74,,-0.048,0.999
97,House,14419,41,5,AL,100,0,1,"FLIPPO, Ronnie Gene",F000208,1937,,-0.175,0.834,-142.58973,0.793,614,58,,-0.227,0.974
97,House,14659,41,7,AL,100,0,1,"SHELBY, Richard C.",S000320,1934,,0.013,0.658,-234.90103,0.696,648,107,,0.092,0.732
97,House,14862,41,6,AL,200,0,1,"SMITH, Albert Lee, Jr.",S000514,1931,1997.0,0.461,0.132,-160.26516,0.777,636,67,,0.46,0.139
97,House,14066,81,1,AK,200,0,1,"YOUNG, Donald Edwin",Y000033,1933,,0.283,0.022,-283.45147,0.56792,501,113,,0.249,-0.22
97,House,7845,61,1,AZ,200,0,1,"RHODES, John Jacob",R000188,1916,2003.0,0.225,-0.033,-163.88324,0.707,473,80,,0.201,0.042
97,House,10566,61,2,AZ,100,0,1,"UDALL, Morris King",U000001,1922,1998.0,-0.387,0.008,-155.43979,0.777,615,71,,-0.371,0.114
97,House,14449,61,4,AZ,200,0,1,"RUDD, Eldon Dean",R000495,1920,2002.0,0.422,0.611,-144.52629,0.792,621,65,,0.373,0.572
97,House,94454,61,3,AZ,100,0,1,"STUMP, Robert Lee",S001044,1927,2003.0,0.329,0.944,-173.16375,0.763,641,92,,0.49,0.872
97,House,11020,42,3,AR,200,0,1,"HAMMERSCHMIDT, John Paul",H000124,1922,2015.0,0.253,0.239,-204.16763,0.737,668,92,,0.192,0.291
97,House,12000,42,1,AR,100,0,1,"ALEXANDER, William Vollie (Bill), Jr.",A000103,1934,,-0.41,0.819,-147.68536,0.787,615,72,,-0.343,0.657
97,House,14601,42,4,AR,100,0,1,"ANTHONY, Beryl Franklin, Jr.",A000213,1938,,-0.254,0.484,-159.58741,0.771,614,68,,-0.214,0.591
97,House,14606,42,2,AR,200,0,1,"BETHUNE, Edwin Ruthvin, Jr.",B000422,1935,,0.304,-0.165,-204.30544,0.724,632,86,,0.27,-0.116
97,House,10553,71,26,CA,200,0,1,"ROUSSELOT, John Harbin",R000469,1927,2003.0,0.601,0.164,-176.41303,0.727,554,80,,0.589,-0.079
97,House,10573,71,36,CA,100,0,1,"BROWN, George Edward, Jr.",B000918,1920,1999.0,-0.506,-0.028,-140.71593,0.785,580,66,,-0.549,0.073
97,House,10577,71,6,CA,100,0,1,"BURTON, Phillip",B001156,1926,1983.0,-0.634,-0.304,-110.7789,0.826,580,40,,-0.613,-0.25
97,House,10579,71,2,CA,200,0,1,"CLAUSEN, Donald Holst",C000475,1923,2015.0,0.16,0.036,-182.11849,0.755,648,78,,0.156,-0.027
97,House,10583,71,10,CA,100,0,1,"EDWARDS, William Donlon (Don)",E000064,1915,2015.0,-0.599,-0.419,-113.1827,0.841,652,37,,-0.566,-0.37
97,House,10595,71,29,CA,100,0,1,"HAWKINS, Augustus Freeman (Gus)",H000367,1907,2007.0,-0.517,-0.369,-201.53138,0.716,603,82,,-0.484,-0.299
97,House,10621,71,25,CA,100,0,1,"ROYBAL, Edward R.",R000485,1916,2005.0,-0.61,-0.141,-133.44472,0.816,657,55,,-0.589,-0.147
97,House,11063,71,12,CA,200,0,1,"McCLOSKEY, Paul Norton , Jr. (Pete)",M000343,1927,,0.028,-0.634,-245.74598,0.544,404,123,,0.171,-0.505
97,House,12001,71,32,CA,100,0,1,"ANDERSON, Glenn Malcolm",A000189,1913,1994.0,-0.269,-0.052,-301.47742,0.634,662,130,,-0.164,0.013
97,House,12037,71,20,CA,200,0,1,"GOLDWATER, Barry Morris, Jr.",G000268,1938,,0.355,-0.025,-119.4458,0.699,334,46,,0.376,-0.134
97,House,13010,71,30,CA,100,1,1,"DANIELSON, George Elmore",D000043,1915,1998.0,-0.477,0.256,-59.49054,0.794,258,25,,-0.432,0.037
97,House,13011,71,8,CA,100,0,1,"DELLUMS, Ronald V.",D000222,1935,2018.0,-0.644,-0.646,-113.32992,0.829,603,46,,-0.711,-0.436
97,House,14007,71,43,CA,200,0,1,"BURGENER, Clair Walter",B001080,1921,2006.0,0.281,0.019,-179.42522,0.72,547,83,,0.363,-0.0
97,House,14040,71,22,CA,200,0,1,"MOORHEAD, Carlos John",M000926,1922,2011.0,0.465,-0.119,-148.74603,0.797,656,55,,0.45,0.086
97,House,14053,71,9,CA,100,0,1,"STARK, Fortney Hillman (Pete), Jr.",S000810,1931,2020.0,-0.631,-0.605,-153.07358,0.773,595,59,,-0.528,-0.344
97,House,14071,71,19,CA,200,0,1,"LAGOMARSINO, Robert John",L000020,1926,2021.0,0.378,-0.267,-173.69048,0.774,678,66,,0.367,-0.051
97,House,14076,71,5,CA,100,0,1,"BURTON, John Lowell",B001153,1932,,-0.413,-0.783,-83.13842,0.757,299,35,,-0.599,-0.393
97,House,14256,71,7,CA,100,0,1,"MILLER, George",M000725,1945,,-0.552,-0.398,-142.98125,0.796,628,56,,-0.487,-0.53
97,House,14257,71,13,CA,100,0,1,"MINETA, Norman Y.",M000794,1931,2022.0,-0.479,-0.01,-170.5284,0.775,670,76,,-0.416,0.135
97,House,14266,71,38,CA,100,0,1,"PATTERSON, Jerry Mumford",P000121,1934,,-0.367,0.007,-211.98116,0.717,637,95,,-0.294,-0.132
97,House,14280,71,24,CA,100,0,1,"WAXMAN, Henry Arnold",W000215,1939,,-0.473,-0.343,-128.16032,0.809,606,45,,-0.445,-0.221
97,House,14403,71,40,CA,200,0,1,"BADHAM, Robert Edward",B000024,1929,2005.0,0.541,0.084,-160.49218,0.755,570,73,,0.502,0.121
97,House,14405,71,23,CA,100,0,1,"BEILENSON, Anthony Charles",B000318,1932,2017.0,-0.44,-0.605,-172.70038,0.75,601,65,,-0.544,-0.298
97,House,14414,71,27,CA,200,0,1,"DORNAN, Robert Kenneth",D000435,1933,,0.49,-0.111,-141.65711,0.748,487,59,,0.402,-0.112
97,House,14444,71,16,CA,100,0,1,"PANETTA, Leon Edward",P000047,1938,,-0.258,-0.186,-203.85213,0.738,671,102,,-0.269,-0.034
97,House,14613,71,15,CA,100,0,1,"COELHO, Tony",C000581,1942,,-0.413,0.344,-147.26745,0.791,629,59,,-0.391,0.363
97,House,14616,71,39,CA,200,0,1,"DANNEMEYER, William Edwin",D000044,1929,2019.0,0.691,-0.24,-190.89347,0.75,665,78,,0.636,-0.198
97,House,14620,71,28,CA,100,0,1,"DIXON, Julian Carey",D000373,1934,2000.0,-0.458,-0.076,-117.51394,0.813,567,52,,-0.515,0.014
97,House,14624,71,4,CA,100,0,1,"FAZIO, Victor Herbert, Jr.",F000053,1942,2022.0,-0.455,0.36,-165.64745,0.777,656,81,,-0.507,0.411
97,House,14630,71,33,CA,200,0,1,"GRISHAM, Wayne Richard",G000480,1923,2011.0,0.395,-0.092,-160.96242,0.737,528,70,,0.439,-0.001
97,House,14644,71,37,CA,200,0,1,"LEWIS, Charles Jeremy (Jerry)",L000274,1934,2021.0,0.348,-0.101,-249.3749,0.675,635,110,,0.374,-0.239
97,House,14647,71,34,CA,200,0,1,"LUNGREN, Daniel Edward",L000517,1946,,0.497,-0.054,-175.14167,0.763,648,72,,0.508,-0.086
97,House,14649,71,3,CA,100,0,1,"MATSUI, Robert T.",M000249,1941,2005.0,-0.404,-0.03,-154.05096,0.792,659,60,,-0.447,0.235
97,House,14652,71,17,CA,200,0,1,"PASHAYAN, Charles, Jr.",P000097,1941,,0.282,-0.232,-214.73037,0.702,606,91,,0.26,0.06
97,House,14660,71,14,CA,200,0,1,"SHUMWAY, Norman David",S000393,1934,2022.0,0.556,0.39,-144.42767,0.802,654,68,,0.575,0.185
97,House,14669,71,18,CA,200,0,1,"THOMAS, William Marshall",T000188,1941,,0.371,-0.277,-176.61336,0.744,597,81,,0.365,0.032
97,House,14805,71,1,CA,200,0,1,"CHAPPIE, Eugene A.",C000322,1920,1992.0,0.414,-0.235,-160.70399,0.766,603,64,,0.35,0.016
97,House,14813,71,35,CA,200,0,1,"DREIER, David Timothy",D000492,1952,,0.478,-0.084,-201.86211,0.729,638,91,,0.643,-0.175
97,House,14816,71,31,CA,100,0,1,"DYMALLY, Mervyn Malcolm",D000592,1926,2012.0,-0.685,-0.039,-114.68237,0.804,525,43,,-0.619,-0.014
97,House,14821,71,21,CA,200,0,1,"FIEDLER, Bobbi",F000102,1937,2019.0,0.343,-0.258,-226.76864,0.707,653,92,,0.248,-0.104
97,House,14835,71,42,CA,200,0,1,"HUNTER, Duncan Lee",H000981,1948,,0.47,0.02,-196.82899,0.741,658,87,,0.332,0.051
97,House,14837,71,11,CA,100,0,1,"LANTOS, Thomas Peter",L000090,1928,2008.0,-0.376,-0.033,-133.66419,0.8,598,59,,-0.345,0.115
97,House,14839,71,41,CA,200,0,1,"LOWERY, William David",L000479,1947,,0.33,-0.254,-173.08089,0.759,628,68,,0.323,-0.146
97,House,14879,71,30,CA,100,2,2,"MARTÍNEZ, Matthew G.",M000206,1929,2011.0,-0.341,0.106,-48.26241,0.802,219,23,,-0.473,0.155
97,House,14051,62,1,CO,100,0,1,"SCHROEDER, Patricia Scott",S000142,1940,,-0.225,-0.974,-351.9028,0.58,646,153,,-0.984,-0.179
97,House,14282,62,2,CO,100,0,1,"WIRTH, Timothy E.",W000647,1939,,-0.293,-0.315,-172.48722,0.761,633,75,,-0.306,-0.302
97,House,14638,62,3,CO,100,0,1,"KOGOVSEK, Raymond Peter",K000304,1941,2017.0,-0.33,0.033,-188.92828,0.749,654,87,,-0.402,0.174
97,House,14639,62,5,CO,200,0,1,"KRAMER, Kenneth Bentley",K000322,1942,,0.43,-0.084,-229.40981,0.705,657,101,,0.365,-0.088
97,House,14803,62,4,CO,200,0,1,"BROWN, George Hanks (Hank)",B000919,1940,,0.511,-0.762,-327.19339,0.617,677,156,,0.578,-0.69
97,House,13009,1,1,CT,100,1,1,"COTTER, William Ross",C000799,1926,1981.0,-0.313,0.103,,,,,,-0.818,-0.575
97,House,13029,1,4,CT,200,0,1,"McKINNEY, Stewart Brett",M000527,1931,1987.0,-0.006,-0.609,-216.59346,0.693,590,95,,0.026,-0.663
97,House,14258,1,6,CT,100,0,1,"MOFFETT, Anthony John, Jr. (Toby)",M000839,1944,,-0.377,-0.756,-84.01861,0.813,407,31,,-0.471,-0.523
97,House,14653,1,5,CT,100,0,1,"RATCHFORD, William Richard",R000067,1934,2011.0,-0.355,-0.267,-148.74597,0.798,658,55,,-0.349,-0.279
97,House,14811,1,3,CT,200,0,1,"DeNARDIS, Lawrence Joseph",D000231,1938,2018.0,0.001,-0.672,-172.73737,0.738,568,65,,-0.002,-0.646
97,House,14825,1,2,CT,100,0,1,"GEJDENSON, Samuel",G000120,1948,,-0.416,-0.486,-276.62892,0.656,655,120,,-0.289,-0.888
97,House,14877,1,1,CT,100,2,2,"KENNELLY, Barbara Bailey",K000118,1936,,-0.346,-0.13,-77.18972,0.82,389,35,,-0.386,-0.039
97,House,14417,11,1,DE,200,0,1,"EVANS, Thomas Beverley, Jr.",E000258,1931,,0.178,-0.384,-178.95111,0.746,610,67,,0.156,-0.366
97,House,633,43,3,FL,100,0,1,"BENNETT, Charles Edward",B000371,1910,2003.0,-0.088,0.421,-309.61533,0.634,679,136,,-0.053,0.302
97,House,3078,43,15,FL,100,0,1,"FASCELL, Dante Bruno",F000041,1917,1998.0,-0.4,0.229,-172.54675,0.743,582,77,,-0.378,0.03
97,House,7333,43,14,FL,100,0,1,"PEPPER, Claude Denson",P000218,1900,1989.0,-0.422,0.357,-114.96343,0.819,577,42,,-0.437,0.371
97,House,10587,43,2,FL,100,0,1,"FUQUA, Don",F000430,1933,,-0.173,0.715,-159.32023,0.764,591,70,,-0.149,0.536
97,House,10588,43,7,FL,100,0,1,"GIBBONS, Sam Melville",G000153,1920,2012.0,-0.233,0.17,-304.39676,0.612,619,136,,-0.111,0.318
97,House,12007,43,4,FL,100,0,1,"CHAPPELL, William Venroe, Jr.",C000321,1922,1989.0,-0.098,0.916,-155.08081,0.746,529,76,,-0.08,0.825
97,House,13047,43,6,FL,200,0,1,"YOUNG, Charles William (Bill)",Y000031,1930,2013.0,0.325,-0.112,-202.86908,0.724,628,78,,0.258,0.055
97,House,14003,43,10,FL,200,0,1,"BAFALIS, Louis Arthur (Skip)",B000029,1929,,0.303,0.078,-105.51387,0.789,445,39,,0.256,0.26
97,House,14029,43,13,FL,100,0,1,"LEHMAN, William",L000226,1913,2005.0,-0.483,-0.001,-123.78507,0.795,540,55,,-0.473,-0.027
97,House,14636,43,1,FL,100,0,1,"HUTTO, Earl Dewitt",H001018,1926,2020.0,-0.007,0.732,-165.12041,0.776,651,75,,-0.081,0.687
97,House,14648,43,11,FL,100,0,1,"MICA, Daniel Andrew",M000688,1944,,-0.184,0.363,-174.38829,0.765,651,77,,-0.156,0.332
97,House,14651,43,9,FL,100,0,1,"NELSON, Clarence William (Bill)",N000032,1942,,-0.193,0.337,-202.29413,0.7336,653,94,,-0.125,0.453
97,House,14842,43,5,FL,200,0,1,"McCOLLUM, Ira William, Jr. (Bill)",M000350,1944,,0.377,-0.101,-187.37655,0.751,653,80,,0.346,-0.169
97,House,14860,43,12,FL,200,0,1,"SHAW, Eugene Clay, Jr.",S000303,1939,2013.0,0.3,-0.142,-186.50606,0.758,672,72,,0.311,-0.084
97,House,94428,43,8,FL,100,0,1,"IRELAND, Andrew Poysell (Andy)",I000029,1930,,0.015,0.377,-176.16018,0.706,507,75,,0.088,0.395
97,House,11005,44,3,GA,100,0,1,"BRINKLEY, Jack Thomas",B000839,1930,2019.0,-0.073,0.701,-226.42735,0.715,674,98,,-0.12,0.509
97,House,14016,44,1,GA,100,0,1,"GINN, Ronald Bryan (Bo)",G000226,1934,2005.0,-0.217,0.849,-109.85971,0.786,457,42,,-0.195,0.726
97,House,14249,44,4,GA,100,0,1,"LEVITAS, Elliott Harris",L000265,1930,,-0.056,0.075,-289.73328,0.64,649,151,,-0.056,0.032
97,House,14252,44,7,GA,100,0,1,"McDONALD, Lawrence Patton",M000413,1935,1983.0,0.884,0.343,-161.14866,0.778,641,62,,0.918,0.231
97,House,14404,44,10,GA,100,0,1,"BARNARD, Druie Douglas, Jr.",B000153,1922,2019.0,-0.028,0.639,-175.82956,0.747,604,85,,-0.025,0.838
97,House,14418,44,8,GA,100,0,1,"EVANS, Billy Lee",E000233,1941,,-0.091,0.501,-230.38139,0.631,500,96,,-0.063,0.64
97,House,14429,44,9,GA,100,0,1,"JENKINS, Edgar Lanier (Ed)",J000083,1933,2012.0,-0.116,0.678,-224.97926,0.697,624,106,,-0.065,0.664
97,House,14467,44,5,GA,100,0,1,"FOWLER, Wyche, Jr.",F000329,1940,,-0.237,0.196,-201.13699,0.714,598,95,,-0.254,0.139
97,House,14627,44,6,GA,200,0,1,"GINGRICH, Newton Leroy",G000225,1943,,0.377,-0.257,-231.25533,0.688,618,106,,0.275,-0.219
97,House,14831,44,2,GA,100,0,1,"HATCHER, Charles Floyd",H000340,1939,,-0.202,0.722,-155.16957,0.769,590,67,,-0.139,0.556
97,House,14400,82,2,HI,100,0,1,"AKAKA, Daniel Kahikina",A000069,1924,2018.0,-0.419,0.273,-144.12777,0.799,643,64,,-0.457,0.569
97,House,14425,82,1,HI,100,0,1,"HEFTEL, Cecil Landau",H000449,1924,2010.0,-0.269,0.243,-189.33681,0.718,571,79,,-0.26,0.246
97,House,10734,63,2,ID,200,0,1,"HANSEN, George Vernon",H000171,1930,2014.0,0.621,0.339,-150.98199,0.794,654,65,,0.627,0.251
97,House,14809,63,1,ID,200,0,1,"CRAIG, Larry Edwin",C000858,1945,,0.494,-0.014,-182.5576,0.75,636,81,,0.524,-0.044
97,House,2525,21,4,IL,200,0,1,"DERWINSKI, Edward Joseph",D000269,1926,2012.0,0.342,-0.361,-280.59246,0.621,589,128,,0.436,-0.577
97,House,6455,21,18,IL,200,0,1,"MICHEL, Robert Henry",M000692,1923,2017.0,0.372,-0.157,-211.59686,0.716,634,96,,0.343,-0.096
97,House,7610,21,23,IL,100,0,1,"PRICE, Charles Melvin",P000522,1905,1988.0,-0.429,0.346,-174.50722,0.763,645,83,,-0.39,0.544
97,House,8080,21,8,IL,100,0,1,"ROSTENKOWSKI, Daniel David",R000458,1928,2010.0,-0.39,0.246,-165.68243,0.767,624,81,,-0.318,0.183
97,House,10421,21,9,IL,100,0,1,"YATES, Sidney Richard",Y000013,1909,2000.0,-0.494,-0.494,-165.83788,0.754,586,73,,-0.434,-0.768
97,House,10517,21,20,IL,200,0,1,"FINDLEY, Paul",F000123,1921,2019.0,0.246,-0.525,-253.01138,0.674,641,119,,0.17,-0.517
97,House,10606,21,13,IL,200,0,1,"McCLORY, Robert",M000340,1908,1988.0,0.256,-0.426,-250.44663,0.669,623,111,,0.266,-0.27
97,House,10703,21,11,IL,100,0,1,"ANNUNZIO, Frank",A000212,1915,2001.0,-0.398,0.351,-147.95251,0.801,666,67,,-0.361,0.396
97,House,10722,21,14,IL,200,0,1,"ERLENBORN, John Neal",E000204,1927,2005.0,0.315,-0.438,-241.5065,0.67,603,111,,0.319,-0.318
97,House,11041,21,19,IL,200,0,1,"RAILSBACK, Thomas Fisher",R000012,1932,2020.0,0.103,-0.446,-180.29018,0.723,557,80,,0.086,-0.439
97,House,12041,21,12,IL,200,0,1,"CRANE, Philip Miller",C000873,1930,2014.0,0.739,0.023,-167.75467,0.762,616,73,,0.763,0.106
97,House,14033,21,21,IL,200,0,1,"MADIGAN, Edward Rell",M000041,1936,1994.0,0.247,-0.396,-217.77712,0.691,590,96,,0.267,-0.328
97,House,14041,21,17,IL,200,0,1,"O'BRIEN, George Miller",O000010,1917,1986.0,0.169,-0.132,-231.49634,0.671,581,111,,0.144,-0.163
97,House,14068,21,7,IL,100,0,1,"COLLINS, Cardiss",C000634,1931,2013.0,-0.552,-0.218,-117.16005,0.829,624,46,,-0.535,-0.37
97,House,14239,21,6,IL,200,0,1,"HYDE, Henry John",H001022,1924,2007.0,0.312,-0.18,-224.26719,0.707,648,101,,0.259,-0.127
97,House,14271,21,3,IL,100,0,1,"RUSSO, Martin Anthony",R000543,1944,,-0.192,-0.209,-284.202,0.638,633,121,,-0.182,-0.375
97,House,14275,21,24,IL,100,0,1,"SIMON, Paul Martin",S000423,1928,2003.0,-0.397,-0.224,-164.39449,0.757,590,75,,-0.481,0.149
97,House,14285,21,5,IL,100,0,1,"FARY, John G.",F000040,1911,1984.0,-0.451,0.47,-144.07121,0.793,622,62,,-0.352,0.403
97,House,14411,21,15,IL,200,0,1,"CORCORAN, Thomas Joseph",C000773,1939,,0.319,-0.247,-180.26991,0.761,660,71,,0.325,-0.128
97,House,14615,21,22,IL,200,0,1,"CRANE, Daniel Bever",C000871,1936,2019.0,0.744,0.048,-175.18364,0.758,633,76,,0.771,0.141
97,House,14677,21,10,IL,200,0,1,"PORTER, John Edward",P000444,1935,2022.0,0.217,-0.604,-230.0755,0.703,653,96,,0.2,-0.498
97,House,14841,21,16,IL,200,0,1,"MARTIN, Lynn Morley",M000195,1939,,0.345,-0.67,-279.31961,0.648,644,135,,0.244,-0.491
97,House,14856,21,2,IL,100,0,1,"SAVAGE, Gus",S000081,1925,2015.0,-0.671,-0.39,-89.90503,0.799,401,40,,-0.641,-0.71
97,House,14866,21,1,IL,100,0,1,"WASHINGTON, Harold",W000180,1922,1987.0,-0.488,-0.873,-125.98848,0.798,559,55,,-0.494,-0.858
97,House,10732,22,9,IN,100,0,1,"HAMILTON, Lee Herbert",H000114,1931,,-0.171,-0.053,-218.58879,0.721,668,108,,-0.119,-0.103
97,House,10742,22,11,IN,100,0,1,"JACOBS, Andrew, Jr.",J000033,1932,2013.0,-0.07,-0.846,-366.97318,0.559,631,200,,-0.097,-0.995
97,House,11036,22,7,IN,200,0,1,"MYERS, John Thomas",M001130,1927,2015.0,0.236,0.254,-215.80826,0.723,666,89,,0.262,0.283
97,House,13018,22,5,IN,200,0,1,"HILLIS, Elwood Haynes",H000624,1926,,0.173,-0.106,-205.02105,0.715,610,95,,0.21,0.166
97,House,14220,22,6,IN,100,0,1,"EVANS, David Walter",E000239,1946,,-0.054,0.003,-274.27926,0.62,573,129,,-0.318,0.1
97,House,14222,22,2,IN,100,0,1,"FITHIAN, Floyd James",F000161,1928,2003.0,-0.165,-0.061,-186.96395,0.706,536,89,,-0.221,-0.131
97,House,14274,22,10,IN,100,0,1,"SHARP, Philip Riley",S000294,1942,,-0.166,-0.283,-232.18108,0.705,665,117,,-0.121,-0.319
97,House,14406,22,1,IN,100,1,1,"BENJAMIN, Adam, Jr.",B000363,1935,1982.0,-0.267,0.136,-155.37693,0.743,524,70,,-0.357,0.197
97,House,14619,22,8,IN,200,0,1,"DECKARD, Huey Joel",D000183,1942,2016.0,0.222,-0.493,-220.96916,0.682,578,96,,0.127,-0.462
97,House,14806,22,4,IN,200,0,1,"COATS, Daniel Ray",C000542,1943,,0.375,-0.227,-212.3858,0.728,670,98,,0.379,-0.434
97,House,14834,22,3,IN,200,0,1,"HILER, John Patrick",H000586,1953,,0.413,-0.35,-194.73204,0.746,665,76,,0.452,-0.396
97,House,14880,22,1,IN,100,2,2,"HALL, Katie Beatrice",H000058,1938,2012.0,-0.529,0.095,-17.95969,0.812,86,7,,-0.479,0.198
97,House,8672,31,4,IA,100,0,1,"SMITH, Neal Edward",S000596,1920,2021.0,-0.313,0.174,-220.02203,0.716,659,105,,-0.259,-0.119
97,House,14205,31,6,IA,100,0,1,"BEDELL, Berkley Warren",B000298,1921,2019.0,-0.24,-0.595,-223.25395,0.695,614,94,,-0.231,-0.573
97,House,14230,31,5,IA,100,0,1,"HARKIN, Thomas Richard (Tom)",H000206,1939,,-0.351,-0.546,-306.31732,0.614,627,143,,-0.988,0.152
97,House,14432,31,1,IA,200,0,1,"LEACH, James Albert Smith",L000169,1942,,0.141,-0.79,-246.93667,0.685,653,113,,0.049,-0.637
97,House,14668,31,2,IA,200,0,1,"TAUKE, Thomas Joseph",T000053,1950,,0.27,-0.775,-305.65128,0.626,653,131,,0.18,-0.651
97,House,14820,31,3,IA,200,0,1,"EVANS, Thomas Cooper",E000259,1924,2005.0,0.247,-0.969,-348.22407,0.592,664,180,,0.275,-0.961
97,House,11057,32,3,KS,200,0,1,"WINN, Edward Lawrence, Jr. (Larry)",W000636,1919,2017.0,0.247,-0.033,-164.97598,0.774,644,64,,0.269,0.115
97,House,14422,32,4,KS,100,0,1,"GLICKMAN, Daniel Robert",G000240,1944,,-0.133,-0.149,-264.98898,0.673,670,122,,-0.137,-0.191
97,House,14637,32,2,KS,200,0,1,"JEFFRIES, James Edmund",J000074,1925,1997.0,0.598,0.091,-144.86153,0.796,635,63,,0.65,0.113
97,House,14670,32,5,KS,200,0,1,"WHITTAKER, Robert Russell",W000426,1939,,0.346,-0.318,-198.54772,0.742,664,89,,0.316,-0.147
97,House,14852,32,1,KS,200,0,1,"ROBERTS, Charles Patrick (Pat)",R000307,1936,,0.413,-0.09,-207.16247,0.7285,654,91,,0.357,-0.079
97,House,6845,51,2,KY,100,0,1,"NATCHER, William Huston",N000009,1909,1994.0,-0.288,0.575,-171.46633,0.777,679,69,,-0.243,0.509
97,House,7343,51,7,KY,100,0,1,"PERKINS, Carl Dewey",P000230,1912,1984.0,-0.343,0.332,-176.08511,0.769,670,82,,-0.358,0.534
97,House,10626,51,4,KY,200,0,1,"SNYDER, Marion Gene",S000669,1928,2007.0,0.26,0.298,-285.18541,0.653,668,125,,0.237,0.106
97,House,13024,51,3,KY,100,0,1,"MAZZOLI, Romano Louis",M000291,1932,2022.0,-0.186,-0.016,-209.6291,0.726,656,99,,-0.155,-0.068
97,House,14237,51,1,KY,100,0,1,"HUBBARD, Carroll, Jr.",H000878,1937,,-0.038,0.476,-273.77583,0.648,631,138,,-0.111,0.767
97,House,14635,51,6,KY,200,0,1,"HOPKINS, Larry Jones",H000776,1933,2021.0,0.347,-0.242,-261.51993,0.674,663,123,,0.256,-0.191
97,House,14854,51,5,KY,200,0,1,"ROGERS, Harold Dallas (Hal)",R000395,1937,,0.338,0.122,-227.49284,0.70696,656,97,,0.204,0.116
97,House,10602,45,8,LA,100,0,1,"LONG, Gillis William",L000417,1923,1985.0,-0.368,0.604,-130.64687,0.811,624,60,,-0.349,0.476
97,House,13056,45,7,LA,100,0,1,"BREAUX, John Berlinger",B000780,1944,,-0.123,0.702,-192.04938,0.711,563,101,,-0.017,0.51
97,House,14067,45,2,LA,100,0,1,"BOGGS, Corinne Claiborne (Lindy)",B000592,1916,2013.0,-0.359,0.501,-145.29563,0.787,606,61,,-0.325,0.433
97,House,14259,45,6,LA,200,0,1,"MOORE, William Henson, III",M000923,1939,,0.24,0.144,-245.82319,0.693,670,123,,0.301,-0.024
97,House,14427,45,5,LA,100,0,1,"HUCKABY, Thomas Jerald",H000901,1941,,-0.009,0.507,-221.77195,0.702,626,108,,0.002,0.423
97,House,14469,45,1,LA,200,0,1,"LIVINGSTON, Robert Linlithgow, Jr.",L000371,1943,,0.326,0.109,-259.26889,0.672,653,111,,0.296,-0.035
97,House,14679,45,3,LA,100,0,1,"TAUZIN, Wilbert Joseph (Billy)",T000058,1943,,0.03,0.568,-224.37658,0.711,657,97,,0.056,0.389
97,House,14853,45,4,LA,100,0,1,"ROEMER, Charles Elson (Buddy), III",R000384,1943,2021.0,0.178,-0.415,-521.8032,0.461,673,235,,0.28,-0.534
97,House,14218,2,1,ME,200,0,1,"EMERY, David Farnham",E000175,1948,,0.155,-0.39,-198.40511,0.717,597,85,,0.156,-0.221
97,House,14661,2,2,ME,200,0,1,"SNOWE, Olympia Jean",S000663,1947,,0.091,-0.548,-224.30432,0.717,674,92,,0.119,-0.406
97,House,10601,52,2,MD,100,0,1,"LONG, Clarence Dickinson",L000413,1908,1994.0,-0.274,0.098,-242.94383,0.681,633,109,,-0.226,-0.085
97,House,13031,52,7,MD,100,0,1,"MITCHELL, Parren James",M000826,1922,2007.0,-0.526,-0.851,-142.74872,0.789,603,64,,-0.981,-0.192
97,House,14021,52,4,MD,200,0,1,"HOLT, Marjorie Sewell",H000747,1920,2018.0,0.368,0.061,-301.29593,0.605,600,123,,0.398,-0.266
97,House,14278,52,5,MD,100,1,1,"SPELLMAN, Gladys Noon",S000716,1918,1988.0,-0.308,-0.216,,,,,,,
97,House,14440,52,3,MD,100,0,1,"MIKULSKI, Barbara Ann",M000702,1936,,-0.37,-0.128,-140.9165,0.802,637,65,,-0.403,-0.264
97,House,14604,52,8,MD,100,0,1,"BARNES, Michael Darr",B000160,1943,,-0.343,-0.513,-243.12215,0.688,650,110,,-0.237,-0.734
97,House,14608,52,6,MD,100,0,1,"BYRON, Beverly Barton Butcher",B001220,1932,,-0.024,0.516,-193.20303,0.731,617,88,,-0.021,0.43
97,House,14817,52,1,MD,100,0,1,"DYSON, Royden Patrick",D000593,1948,,-0.104,0.471,-210.28973,0.725,655,85,,-0.16,0.546
97,House,14873,52,5,MD,100,0,2,"HOYER, Steny Hamilton",H000874,1939,,-0.381,0.119,-140.31676,0.79688,618,60,,-0.399,0.096
97,House,830,3,2,MA,100,0,1,"BOLAND, Edward Patrick",B000600,1911,2001.0,-0.306,-0.104,-141.45516,0.797,623,63,,-0.298,-0.089
97,House,2009,3,1,MA,200,0,1,"CONTE, Silvio Ottavio",C000709,1921,1991.0,-0.023,-0.683,-233.48076,0.701,658,93,,0.002,-0.507
97,House,7081,3,8,MA,100,0,1,"O'NEILL, Thomas Philip, Jr. (Tip)",O000098,1912,1994.0,-0.402,0.058,,,,,,-0.826,0.162
97,House,11021,3,10,MA,200,0,1,"HECKLER, Margaret M.",H000440,1931,2018.0,-0.007,-0.682,-227.1734,0.683,596,101,,-0.002,-0.66
97,House,14039,3,9,MA,100,0,1,"MOAKLEY, John Joseph",M000834,1927,2001.0,-0.418,-0.054,-129.80981,0.812,624,57,,-0.429,0.013
97,House,14055,3,12,MA,100,0,1,"STUDDS, Gerry Eastman",S001040,1937,2006.0,-0.444,-0.593,-138.11589,0.814,672,55,,-0.47,-0.455
97,House,14216,3,3,MA,100,0,1,"EARLY, Joseph Daniel",E000013,1933,2012.0,-0.254,-0.409,-209.56343,0.701,591,94,,-0.395,-0.131
97,House,14435,3,7,MA,100,0,1,"MARKEY, Edward John",M000133,1946,,-0.514,-0.459,-135.34107,0.80859,637,54,,-0.4,-0.487
97,House,14621,3,11,MA,100,0,1,"DONNELLY, Brian Joseph",D000416,1946,,-0.291,-0.046,-213.3754,0.708,618,92,,-0.412,0.012
97,House,14650,3,6,MA,100,0,1,"MAVROULES, Nicholas James",M000264,1929,2003.0,-0.342,-0.023,-162.54921,0.769,619,69,,-0.359,-0.023
97,House,14658,3,5,MA,100,0,1,"SHANNON, James Michael",S000286,1952,,-0.465,-0.387,-143.30968,0.8,641,58,,-0.463,-0.25
97,House,14824,3,4,MA,100,0,1,"FRANK, Barney",F000339,1940,,-0.499,-0.534,-165.4092,0.772,638,69,,-0.424,-0.444
97,House,1087,23,19,MI,200,0,1,"BROOMFIELD, William S.",B000890,1922,2019.0,0.227,-0.309,-219.33785,0.702,619,99,,0.283,-0.277
97,House,2605,23,16,MI,100,0,1,"DINGELL, John David, Jr.",D000355,1926,2019.0,-0.448,0.313,-158.8958,0.77,608,73,,-0.47,0.306
97,House,10713,23,1,MI,100,0,1,"CONYERS, John, Jr.",C000714,1929,2019.0,-0.658,-0.512,-171.3773,0.72504,533,69,,-0.774,-0.384
97,House,10727,23,15,MI,100,0,1,"FORD, William David",F000270,1927,2004.0,-0.516,0.098,-109.06401,0.819,545,44,,-0.543,0.158
97,House,10794,23,9,MI,200,0,1,"VANDER JAGT, Guy Adrian",V000027,1931,2007.0,0.247,-0.226,-172.81445,0.741,577,78,,0.204,-0.094
97,House,14075,23,8,MI,100,0,1,"TRAXLER, Jerome Bob",T000356,1931,2019.0,-0.33,0.126,-150.39907,0.78,604,67,,-0.321,0.081
97,House,14206,23,18,MI,100,0,1,"BLANCHARD, James Johnston",B000538,1942,,-0.352,-0.143,-90.23271,0.807,420,37,,-0.346,-0.076
97,House,14209,23,17,MI,100,0,1,"BRODHEAD, William McNulty",B000862,1941,,-0.463,-0.427,-181.16477,0.75,630,63,,-0.523,-0.205
97,House,14407,23,12,MI,100,0,1,"BONIOR, David Edward",B000619,1945,,-0.547,-0.006,-143.32373,0.789,606,63,,-0.518,-0.185
97,House,14430,23,7,MI,100,0,1,"KILDEE, Dale Edward",K000172,1929,2021.0,-0.385,0.011,-179.86885,0.767,679,85,,-0.44,-0.244
97,House,14446,23,2,MI,200,0,1,"PURSELL, Carl Duane",P000574,1932,2009.0,0.12,-0.557,-232.68024,0.653,546,107,,0.062,-0.641
97,House,14450,23,5,MI,200,0,1,"SAWYER, Harold Samuel",S000087,1920,2003.0,0.167,-0.213,-215.0599,0.719,651,91,,0.152,-0.16
97,House,14453,23,4,MI,200,1,1,"STOCKMAN, David Alan",S000935,1946,,0.401,-0.488,,,,,,,
97,House,14600,23,10,MI,100,0,1,"ALBOSTA, Donald Joseph",A000076,1925,2014.0,-0.258,0.294,-169.56421,0.762,624,76,,-0.257,0.266
97,House,14618,23,11,MI,200,0,1,"DAVIS, Robert William",D000131,1932,2009.0,0.098,-0.146,-258.47271,0.657,616,123,,0.034,-0.003
97,House,14673,23,3,MI,100,0,1,"WOLPE, Howard Eliot, III",W000682,1939,2011.0,-0.374,-0.466,-147.60363,0.803,672,56,,-0.358,-0.492
97,House,14681,23,13,MI,100,0,1,"CROCKETT, George William, Jr.",C000919,1909,1997.0,-0.651,-0.414,-91.27774,0.819,457,35,,-0.672,-0.4
97,House,14814,23,6,MI,200,0,1,"DUNN, James Whitney",D000548,1943,,0.18,-0.479,-270.79463,0.661,655,125,,0.181,-0.481
97,House,14833,23,14,MI,100,0,1,"HERTEL, Dennis Mark",H000547,1948,,-0.345,-0.223,-183.77066,0.745,625,84,,-0.357,-0.122
97,House,14872,23,4,MI,200,2,2,"SILJANDER, Mark Deli",S000409,1951,,0.406,-0.102,-150.37004,0.766,565,60,,0.388,-0.017
97,House,13015,33,3,MN,200,0,1,"FRENZEL, William Eldridge",F000380,1928,2014.0,0.353,-0.815,-287.31522,0.638,639,132,,0.392,-0.556
97,House,14227,33,2,MN,200,0,1,"HAGEDORN, Thomas Michael",H000012,1943,,0.308,-0.055,-187.12579,0.724,579,85,,0.348,-0.141
97,House,14265,33,8,MN,100,0,1,"OBERSTAR, James Louis",O000006,1934,2014.0,-0.553,0.304,-196.79635,0.744,664,80,,-0.536,-0.162
97,House,14458,33,4,MN,100,0,1,"VENTO, Bruce Frank",V000087,1940,2000.0,-0.472,-0.376,-149.47864,0.797,657,51,,-0.425,-0.404
97,House,14466,33,7,MN,200,0,1,"STANGELAND, Arlan Ingehart",S000795,1930,2013.0,0.346,-0.18,-224.5509,0.706,646,110,,0.306,0.016
97,House,14623,33,1,MN,200,0,1,"ERDAHL, Arlen Ingolf",E000198,1931,,0.21,-0.663,-247.18377,0.678,636,108,,0.151,-0.565
97,House,14656,33,5,MN,100,0,1,"SABO, Martin Olav",S000005,1938,2016.0,-0.516,-0.317,-320.40001,0.615,659,128,,-0.988,0.152
97,House,14868,33,6,MN,200,0,1,"WEBER, John Vincent (Vin)",W000237,1952,,0.381,-0.544,-304.34868,0.631,662,141,,0.441,-0.666
97,House,10075,46,1,MS,100,0,1,"WHITTEN, Jamie Lloyd",W000428,1910,1995.0,-0.161,0.987,-245.00855,0.682,639,112,,-0.223,0.61
97,House,11035,46,3,MS,100,0,1,"MONTGOMERY, Gillespie V. (Sonny)",M000865,1920,2006.0,0.017,1.0,-166.87938,0.771,643,76,,0.094,0.957
97,House,14005,46,2,MS,100,0,1,"BOWEN, David Reece",B000682,1932,,-0.134,0.709,-156.08873,0.77,598,72,,-0.247,0.705
97,House,14031,46,5,MS,200,0,1,"LOTT, Chester Trent",L000447,1941,,0.39,0.194,-171.93096,0.763,637,71,,0.334,0.255
97,House,14634,46,4,MS,200,1,1,"HINSON, Jon Clifton",H000641,1942,1995.0,0.318,0.161,,,,,,0.743,-0.669
97,House,14874,46,4,MS,100,2,2,"DOWDY, Charles Wayne",D000466,1943,,-0.259,0.724,-153.64357,0.741,513,63,,-0.299,0.879
97,House,835,34,5,MO,100,0,1,"BOLLING, Richard Walker",B000605,1916,1991.0,-0.504,0.171,-87.75478,0.749,303,32,,-0.508,0.132
97,House,12009,34,1,MO,100,0,1,"CLAY, William Lacy, Sr.",C000488,1931,,-0.49,-0.872,-105.59004,0.812,508,45,,-0.988,0.152
97,House,14057,34,7,MO,200,0,1,"TAYLOR, Gene",T000075,1928,1998.0,0.328,0.442,-156.49325,0.786,649,64,,0.305,0.504
97,House,14410,34,6,MO,200,0,1,"COLEMAN, Earl Thomas",C000618,1943,,0.262,-0.265,-211.40361,0.718,638,104,,0.197,-0.087
97,House,14421,34,3,MO,100,0,1,"GEPHARDT, Richard Andrew",G000132,1941,,-0.416,0.245,-259.45006,0.668,642,123,,-0.237,0.333
97,House,14451,34,4,MO,100,0,1,"SKELTON, Isaac Newton, IV (Ike)",S000465,1931,2013.0,-0.172,0.724,-204.70473,0.707,591,89,,-0.109,0.873
97,House,14459,34,9,MO,100,0,1,"VOLKMER, Harold Lee",V000112,1931,2011.0,-0.196,0.329,-264.08042,0.664,644,122,,-0.166,0.237
97,House,14465,34,2,MO,100,0,1,"YOUNG, Robert Anton, III",Y000051,1923,2007.0,-0.3,0.458,-168.40124,0.758,608,69,,-0.22,0.465
97,House,14800,34,8,MO,200,0,1,"BAILEY, R. Wendell",B000047,1940,,0.47,-0.221,-206.59365,0.726,645,92,,0.464,-0.165
97,House,14819,34,10,MO,200,0,1,"EMERSON, Norvell William (Bill)",E000174,1938,1996.0,0.332,-0.125,-331.71505,0.604,659,130,,0.481,-0.433
97,House,14437,64,2,MT,200,0,1,"MARLENEE, Ronald Charles",M000139,1935,2020.0,0.393,-0.212,-257.61664,0.659,617,126,,0.304,-0.0
97,House,14672,64,1,MT,100,0,1,"WILLIAMS, John Patrick",W000520,1937,,-0.315,-0.138,-214.20317,0.699,599,94,,-0.436,-0.061
97,House,14276,35,3,NE,200,0,1,"SMITH, Virginia Dodd",S000622,1911,2006.0,0.238,0.033,-237.75257,0.703,676,100,,0.277,-0.103
97,House,14605,35,1,NE,200,0,1,"BEREUTER, Douglas Kent",B000403,1939,,0.231,-0.347,-240.89305,0.697,667,96,,0.229,-0.324
97,House,14810,35,2,NE,200,0,1,"DAUB, Harold John, Jr., (Hal)",D000065,1941,,0.391,-0.322,-233.24589,0.707,673,100,,0.315,-0.259
97,House,14272,65,1,NV,100,0,1,"SANTINI, James David",S000058,1937,2015.0,-0.074,0.132,-206.39361,0.638,459,109,,-0.008,0.155
97,House,14284,4,1,NH,100,0,1,"D'AMOURS, Norman Edward",D000017,1937,,-0.17,-0.19,-185.79926,0.741,619,93,,-0.179,-0.175
97,House,14826,4,2,NH,200,0,1,"GREGG, Judd Alan",G000445,1947,,0.429,-0.737,-240.52535,0.692,653,102,,0.418,-0.516
97,House,8010,12,10,NJ,100,0,1,"RODINO, Peter Wallace, Jr.",R000374,1909,2005.0,-0.435,-0.224,-124.59345,0.827,654,44,,-0.518,-0.289
97,House,10609,12,11,NJ,100,0,1,"MINISH, Joseph George",M000796,1916,2007.0,-0.299,-0.098,-138.69428,0.808,649,61,,-0.351,-0.053
97,House,10739,12,3,NJ,100,0,1,"HOWARD, James John",H000840,1927,1988.0,-0.431,-0.018,-118.89344,0.832,647,47,,-0.434,-0.002
97,House,12042,12,8,NJ,100,0,1,"ROE, Robert A.",R000383,1924,2014.0,-0.326,0.123,-158.62255,0.772,614,79,,-0.314,0.086
97,House,12046,12,6,NJ,200,0,1,"FORSYTHE, Edwin Bell",F000286,1916,1984.0,0.326,-0.945,-310.97852,0.568,550,166,,0.331,-0.944
97,House,14046,12,12,NJ,200,0,1,"RINALDO, Matthew John",R000262,1931,2008.0,0.023,-0.392,-234.80405,0.696,647,120,,-0.017,-0.29
97,House,14221,12,5,NJ,200,0,1,"FENWICK, Millicent Hammond",F000078,1910,1992.0,0.134,-0.976,-252.27204,0.667,624,125,,0.155,-0.764
97,House,14223,12,1,NJ,100,0,1,"FLORIO, James Joseph",F000215,1937,2022.0,-0.318,-0.101,-143.4933,0.774,559,63,,-0.336,-0.149
97,House,14238,12,2,NJ,100,0,1,"HUGHES, William John",H000930,1932,2019.0,-0.153,-0.204,-275.2681,0.663,670,127,,-0.142,-0.295
97,House,14426,12,9,NJ,200,0,1,"HOLLENBECK, Harold Capistran",H000722,1938,,-0.042,-0.624,-208.07785,0.706,597,95,,-0.061,-0.614
97,House,14614,12,13,NJ,200,0,1,"COURTER, James Andrew",C000809,1941,,0.269,-0.465,-210.60551,0.714,625,97,,0.216,-0.269
97,House,14631,12,14,NJ,100,0,1,"GUARINI, Frank Joseph, Jr.",G000511,1924,,-0.295,-0.047,-132.71465,0.815,649,48,,-0.382,-0.017
97,House,14815,12,15,NJ,100,0,1,"DWYER, Bernard James",D000586,1921,1998.0,-0.373,0.048,-127.745,0.825,662,48,,-0.413,0.024
97,House,14855,12,7,NJ,200,0,1,"ROUKEMA, Margaret Scafati",R000465,1929,2014.0,0.162,-0.701,-263.89576,0.668,655,119,,0.175,-0.536
97,House,14863,12,4,NJ,200,0,1,"SMITH, Christopher Henry",S000522,1953,,0.172,-0.165,-281.38269,0.65748,671,133,,0.058,-0.35
97,House,12022,66,1,NM,200,0,1,"LUJÁN, Manuel, Jr.",L000506,1928,2019.0,0.272,-0.059,-263.43104,0.668,653,109,,0.276,-0.184
97,House,14861,66,2,NM,200,0,1,"SKEEN, Joseph Richard",S000463,1927,2003.0,0.301,0.034,-183.93887,0.757,661,73,,0.295,0.279
97,House,9017,13,28,NY,100,0,1,"STRATTON, Samuel Studdiford",S000997,1916,1990.0,-0.139,0.208,-247.17028,0.671,619,101,,-0.184,0.566
97,House,10500,13,7,NY,100,0,1,"ADDABBO, Joseph Patrick",A000052,1925,1986.0,-0.402,-0.084,-121.73302,0.813,587,47,,-0.418,-0.06
97,House,10551,13,8,NY,100,0,1,"ROSENTHAL, Benjamin Stanley",R000442,1923,1983.0,-0.562,-0.491,-81.70073,0.844,481,29,,-0.477,-0.384
97,House,10596,13,34,NY,200,0,1,"HORTON, Frank Jefferson",H000797,1919,2004.0,-0.004,-0.359,-215.95646,0.693,588,102,,0.04,-0.376
97,House,10705,13,22,NY,100,0,1,"BINGHAM, Jonathan Brewster",B000472,1914,1986.0,-0.509,-0.488,-126.27877,0.81,601,40,,-0.492,-0.347
97,House,10712,13,35,NY,200,0,1,"CONABLE, Barber Benjamin, Jr.",C000666,1922,2003.0,0.371,-0.658,-285.02493,0.641,640,138,,0.386,-0.489
97,House,10760,13,24,NY,100,0,1,"OTTINGER, Richard Lawrence",O000134,1929,,-0.391,-0.771,-145.77731,0.777,579,63,,-0.447,-0.725
97,House,10768,13,11,NY,100,0,1,"SCHEUER, James Haas",S000124,1920,2005.0,-0.478,-0.349,-150.363,0.79,637,57,,-0.46,-0.084
97,House,12003,13,10,NY,100,0,1,"BIAGGI, Mario",B000432,1917,2015.0,-0.339,0.197,-166.74528,0.738,549,77,,-0.363,0.098
97,House,12008,13,12,NY,100,0,1,"CHISHOLM, Shirley Anita",C000371,1924,2005.0,-0.605,-0.319,-72.35962,0.836,405,31,,-0.623,-0.167
97,House,12013,13,25,NY,200,0,1,"FISH, Hamilton, Jr.",F000141,1926,1996.0,0.07,-0.423,-209.72934,0.71,612,94,,0.051,-0.449
97,House,13020,13,38,NY,200,0,1,"KEMP, Jack French",K000086,1935,2009.0,0.3,-0.133,-213.01958,0.693,581,97,,0.307,-0.216
97,House,13021,13,4,NY,200,0,1,"LENT, Norman Frederick",L000243,1931,2012.0,0.183,-0.24,-215.32459,0.716,644,96,,0.167,-0.234
97,House,13033,13,23,NY,100,0,1,"PEYSER, Peter A.",P000280,1921,2014.0,-0.359,-0.099,-130.20807,0.813,628,46,,-0.353,-0.101
97,House,13035,13,19,NY,100,0,1,"RANGEL, Charles B.",R000053,1930,,-0.514,-0.341,-133.51724,0.808,628,58,,-0.609,-0.317
97,House,14015,13,26,NY,200,0,1,"GILMAN, Benjamin Arthur",G000212,1922,2016.0,0.043,-0.425,-258.25089,0.673,653,120,,0.029,-0.482
97,House,14038,13,31,NY,200,0,1,"MITCHELL, Donald Jerome",M000808,1923,2003.0,0.097,-0.163,-210.4418,0.705,601,89,,0.092,-0.161
97,House,14214,13,2,NY,100,0,1,"DOWNEY, Thomas Joseph",D000471,1949,,-0.384,-0.341,-128.01948,0.819,640,47,,-0.427,-0.271
97,House,14248,13,36,NY,100,0,1,"LaFALCE, John Joseph",L000556,1939,,-0.357,0.112,-206.70244,0.715,617,94,,-0.292,-0.261
97,House,14253,13,27,NY,100,0,1,"McHUGH, Matthew Francis",M000473,1938,,-0.353,-0.227,-147.55694,0.796,647,65,,-0.369,-0.123
97,House,14264,13,37,NY,100,0,1,"NOWAK, Henry James",N000163,1935,,-0.332,-0.123,-147.82463,0.797,653,64,,-0.334,-0.278
97,House,14269,13,14,NY,100,0,1,"RICHMOND, Frederick William",R000232,1923,2019.0,-0.564,-0.556,-64.65949,0.854,411,23,,-0.601,-0.341
97,House,14277,13,13,NY,100,0,1,"SOLARZ, Stephen Joshua",S000673,1940,2010.0,-0.429,-0.258,-125.01143,0.823,642,53,,-0.426,-0.114
97,House,14283,13,15,NY,100,0,1,"ZEFERETTI, Leo C.",Z000002,1927,2018.0,-0.305,0.285,-133.65351,0.794,579,56,,-0.329,0.287
97,House,14289,13,39,NY,100,0,1,"LUNDINE, Stanley Nelson",L000516,1939,,-0.31,-0.273,-190.53727,0.725,592,82,,-0.284,-0.329
97,House,14463,13,20,NY,100,0,1,"WEISS, Theodore S.",W000258,1927,1992.0,-0.564,-0.71,-152.07968,0.775,596,59,,-0.594,-0.455
97,House,14470,13,21,NY,100,0,1,"GARCIA, Robert",G000047,1933,2017.0,-0.559,-0.349,-92.74528,0.844,547,33,,-0.559,-0.408
97,House,14471,13,18,NY,200,0,1,"GREEN, Sedgwick William (Bill)",G000417,1929,2002.0,-0.044,-0.733,-247.10545,0.679,639,99,,-0.033,-0.63
97,House,14610,13,1,NY,200,0,1,"CARNEY, William",C000165,1942,2017.0,0.326,-0.173,-227.10286,0.693,620,113,,0.253,-0.085
97,House,14625,13,9,NY,100,0,1,"FERRARO, Geraldine Anne",F000088,1935,2011.0,-0.384,-0.014,-117.12316,0.83,628,43,,-0.399,-0.039
97,House,14642,13,33,NY,200,0,1,"LEE, Gary Alcide",L000192,1933,2022.0,0.346,-0.247,-210.01081,0.698,583,97,,0.346,-0.294
97,House,14662,13,29,NY,200,0,1,"SOLOMON, Gerald Brooks Hunt",S000675,1930,2001.0,0.492,-0.333,-268.08048,0.66,646,124,,0.563,-0.525
97,House,14804,13,3,NY,200,0,1,"CARMAN, Gregory Wright",C000158,1937,2020.0,0.337,-0.18,-189.64257,0.746,646,84,,0.337,-0.184
97,House,14838,13,6,NY,200,0,1,"LeBOUTILLIER, John",L000547,1953,,0.362,-0.492,-243.25212,0.669,605,111,,0.354,-0.433
97,House,14840,13,30,NY,200,0,1,"MARTIN, David O'Brien",M000174,1944,2012.0,0.232,-0.232,-196.0726,0.726,613,83,,0.261,-0.115
97,House,14845,13,5,NY,200,0,1,"McGRATH, Raymond Joseph",M000458,1942,,0.185,-0.45,-247.43387,0.687,660,114,,0.222,-0.422
97,House,14846,13,17,NY,200,0,1,"MOLINARI, Guy Victor",M000842,1928,2018.0,0.255,-0.465,-243.73523,0.687,648,107,,0.17,-0.278
97,House,14858,13,16,NY,100,0,1,"SCHUMER, Charles Ellis (Chuck)",S000148,1950,,-0.356,-0.417,-147.3442,0.79204,632,62,,-0.417,-0.377
97,House,14870,13,32,NY,200,0,1,"WORTLEY, George Cornelius",W000752,1926,2014.0,0.207,-0.094,-234.23831,0.699,654,110,,0.258,-0.293
97,House,3321,47,2,NC,100,0,1,"FOUNTAIN, Lawrence H.",F000319,1913,2002.0,-0.041,0.73,-253.58191,0.657,603,118,,-0.021,0.567
97,House,10574,47,10,NC,200,0,1,"BROYHILL, James Thomas",B000966,1927,,0.269,0.021,-233.47452,0.699,653,107,,0.394,-0.094
97,House,10788,47,1,NC,100,0,1,"JONES, Walter Beaman, Sr.",J000256,1913,1992.0,-0.259,0.941,-143.88003,0.754,509,62,,-0.295,0.726
97,House,14001,47,4,NC,100,0,1,"ANDREWS, Ike Franklin",A000207,1925,2010.0,-0.178,0.481,-162.71873,0.761,596,71,,-0.186,0.518
97,House,14035,47,9,NC,200,0,1,"MARTIN, James Grubbs",M000183,1935,,0.347,-0.168,-187.44912,0.74,622,83,,0.363,-0.143
97,House,14048,47,7,NC,100,0,1,"ROSE, Charles Grandison, III",R000436,1939,2012.0,-0.319,0.573,-152.15055,0.754,540,66,,-0.276,0.507
97,House,14233,47,8,NC,100,0,1,"HEFNER, Willie Gathrel (Bill)",H000448,1930,2009.0,-0.264,0.609,-178.28556,0.751,623,81,,-0.179,0.623
97,House,14262,47,5,NC,100,0,1,"NEAL, Stephen Lybrook",N000016,1934,,-0.145,0.112,-200.15288,0.708,579,101,,-0.135,0.206
97,House,14464,47,3,NC,100,0,1,"WHITLEY, Charles Orville",W000419,1927,2002.0,-0.175,0.73,-169.92654,0.768,644,86,,-0.128,0.811
97,House,14832,47,11,NC,200,0,1,"HENDON, William Martin",H000490,1944,2018.0,0.335,-0.122,-238.4673,0.688,638,102,,0.373,0.045
97,House,14836,47,6,NC,200,0,1,"JOHNSTON, Walter Eugene, III",J000200,1936,2018.0,0.723,-0.69,-225.14287,0.691,608,114,,0.786,-0.542
97,House,14812,36,1,ND,100,0,1,"DORGAN, Byron Leslie",D000432,1942,,-0.267,0.09,-257.13441,0.679,664,119,,-0.258,-0.12
97,House,5495,24,5,OH,200,0,1,"LATTA, Delbert Leroy",L000116,1920,2016.0,0.391,-0.084,-208.20094,0.724,644,92,,0.42,-0.072
97,House,10502,24,17,OH,200,1,1,"ASHBROOK, John Milan",A000221,1928,1982.0,0.612,0.239,-75.37996,0.741,252,32,,0.511,0.151
97,House,10773,24,11,OH,200,0,1,"STANTON, John William",S000804,1924,2002.0,0.135,-0.31,-149.3881,0.721,456,67,,0.202,-0.194
97,House,10786,24,7,OH,200,0,1,"BROWN, Clarence J., Jr.",B000910,1927,2022.0,0.3,-0.284,-100.75,0.744,340,42,,0.258,-0.143
97,House,11034,24,10,OH,200,0,1,"MILLER, Clarence E.",M000718,1917,2011.0,0.416,-0.304,-386.07631,0.562,671,169,,0.483,-0.623
97,House,11058,24,15,OH,200,0,1,"WYLIE, Chalmers Pangburn",W000781,1920,1998.0,0.23,-0.13,-235.94612,0.688,630,115,,0.203,-0.336
97,House,12030,24,21,OH,100,0,1,"STOKES, Louis",S000948,1925,2015.0,-0.578,-0.312,-111.06132,0.841,641,42,,-0.615,-0.268
97,House,13040,24,14,OH,100,0,1,"SEIBERLING, John Frederick",S000230,1918,2008.0,-0.496,-0.457,-132.7857,0.815,649,52,,-0.57,-0.318
97,House,14018,24,4,OH,200,1,1,"GUYER, Tennyson",G000537,1913,1981.0,0.217,-0.059,,,,,,0.195,-0.579
97,House,14045,24,16,OH,200,0,1,"REGULA, Ralph Straus",R000141,1924,2017.0,0.221,-0.223,-217.696,0.723,670,100,,0.171,-0.219
97,House,14070,24,2,OH,100,0,1,"LUKEN, Thomas Andrew",L000508,1925,2018.0,-0.163,-0.077,-271.30049,0.644,617,112,,-0.156,-0.198
97,House,14225,24,1,OH,200,0,1,"GRADISON, Willis David, Jr.",G000349,1928,,0.233,-0.338,-268.58337,0.663,653,121,,0.298,-0.487
97,House,14245,24,8,OH,200,0,1,"KINDNESS, Thomas Norman",K000190,1929,2004.0,0.419,-0.051,-219.26456,0.711,644,100,,0.419,-0.066
97,House,14260,24,23,OH,100,0,1,"MOTTL, Ronald Milton",M001044,1934,,0.021,-0.29,-446.52917,0.484,615,220,,-0.017,-0.215
97,House,14402,24,18,OH,100,0,1,"APPLEGATE, Douglas Earl",A000214,1928,2021.0,-0.106,0.166,-273.66549,0.622,576,134,,-0.082,0.14
97,House,14443,24,20,OH,100,0,1,"OAKAR, Mary Rose",O000001,1940,,-0.4,0.07,-166.31079,0.764,618,72,,-0.374,0.023
97,House,14445,24,13,OH,100,0,1,"PEASE, Donald James",P000170,1931,2002.0,-0.308,-0.329,-172.9211,0.767,653,72,,-0.311,-0.301
97,House,14632,24,3,OH,100,0,1,"HALL, Tony Patrick",H000074,1942,,-0.28,0.155,-213.27072,0.697,592,94,,-0.186,-0.107
97,House,14671,24,19,OH,200,0,1,"WILLIAMS, Lyle",W000528,1942,2008.0,0.037,-0.139,-197.62755,0.718,597,89,,0.04,-0.115
97,House,14818,24,22,OH,100,0,1,"ECKART, Dennis Edward",E000031,1950,,-0.242,-0.258,-204.0187,0.735,662,97,,-0.311,-0.193
97,House,14844,24,6,OH,200,0,1,"McEWEN, Bob",M000432,1950,,0.359,0.089,-220.07791,0.713,650,100,,0.303,-0.095
97,House,14859,24,12,OH,100,0,1,"SHAMANSKY, Robert Norton",S000282,1927,2011.0,-0.279,-0.073,-157.07414,0.787,656,65,,-0.277,-0.08
97,House,14867,24,9,OH,200,0,1,"WEBER, Edward Ford",W000235,1931,,0.258,-0.325,-204.97304,0.732,656,91,,0.258,-0.325
97,House,14875,24,4,OH,200,2,2,"OXLEY, Michael Garver",O000163,1944,2016.0,0.382,-0.093,-167.92382,0.733,540,75,,0.345,-0.133
97,House,14878,24,17,OH,200,2,2,"ASHBROOK, Jean Spencer",A000220,1934,,0.702,0.152,-61.32246,0.783,251,23,,0.702,0.167
97,House,14026,53,1,OK,100,0,1,"JONES, James Robert",J000232,1939,,-0.095,0.444,-323.77266,0.609,653,147,,-0.199,0.425
97,House,14219,53,6,OK,100,0,1,"ENGLISH, Glenn Lee, Jr.",E000184,1940,,-0.027,0.603,-262.78762,0.676,672,140,,-0.047,0.58
97,House,14415,53,5,OK,200,0,1,"EDWARDS, Marvin Henry (Mickey)",E000077,1937,,0.394,-0.05,-230.032,0.692,625,105,,0.395,0.028
97,House,14462,53,3,OK,100,0,1,"WATKINS, Wesley Wade",W000194,1938,,-0.126,0.741,-203.30769,0.729,642,93,,-0.229,0.973
97,House,14667,53,2,OK,100,0,1,"SYNAR, Michael Lynn",S001139,1950,1996.0,-0.321,-0.032,-198.636,0.739,656,86,,-0.269,-0.055
97,House,14843,53,4,OK,100,0,1,"McCURDY, David Keith",M000398,1950,,-0.112,0.299,-218.44978,0.708,633,102,,-0.079,0.445
97,House,14201,72,1,OR,100,0,1,"AuCOIN, Les",A000337,1942,,-0.231,-0.418,-188.45613,0.713,557,84,,-0.321,-0.398
97,House,14281,72,4,OR,100,0,1,"WEAVER, James Howard",W000227,1927,2020.0,-0.311,-0.578,-265.12292,0.647,608,106,,-0.356,-0.61
97,House,14864,72,2,OR,200,0,1,"SMITH, Dennis Alan (Denny)",S000527,1938,,0.603,-0.182,-184.08736,0.752,645,72,,0.7,0.022
97,House,14871,72,3,OR,100,0,1,"WYDEN, Ronald Lee",W000779,1949,,-0.33,-0.478,-152.85616,0.79214,656,54,,-0.355,-0.423
97,House,10607,14,10,PA,200,0,1,"McDADE, Joseph Michael",M000399,1931,2017.0,0.093,-0.355,-217.36264,0.709,633,98,,0.04,-0.272
97,House,11067,14,20,PA,100,0,1,"GAYDOS, Joseph Matthew",G000105,1926,2015.0,-0.278,0.398,-168.64542,0.763,623,78,,-0.303,0.435
97,House,12010,14,13,PA,200,0,1,"COUGHLIN, Robert Lawrence",C000807,1929,2001.0,0.204,-0.844,-277.43014,0.652,649,151,,0.253,-0.897
97,House,12035,14,6,PA,100,0,1,"YATRON, Gus",Y000014,1927,2003.0,-0.174,0.094,-198.02485,0.737,650,94,,-0.16,0.143
97,House,14052,14,9,PA,200,0,1,"SHUSTER, E. G. (Bud)",S000394,1932,,0.416,0.144,-174.88812,0.739,579,68,,0.354,-0.001
97,House,14072,14,12,PA,100,0,1,"MURTHA, John Patrick, Jr.",M001120,1932,2010.0,-0.265,0.569,-160.68296,0.772,622,72,,-0.349,0.712
97,House,14217,14,7,PA,100,0,1,"EDGAR, Robert William",E000043,1943,2013.0,-0.334,-0.718,-150.32761,0.787,629,55,,-0.421,-0.688
97,House,14273,14,5,PA,200,0,1,"SCHULZE, Richard Taylor",S000146,1929,,0.271,-0.036,-186.98082,0.728,590,90,,0.307,-0.079
97,House,14288,14,19,PA,200,0,1,"GOODLING, William Franklin",G000291,1927,2017.0,0.336,-0.494,-350.26953,0.572,627,171,,0.394,-0.919
97,House,14416,14,17,PA,100,0,1,"ERTEL, Allen Edward",E000208,1937,2015.0,-0.171,0.017,-150.39808,0.719,455,77,,-0.246,0.029
97,House,14434,14,3,PA,100,1,1,"LEDERER, Raymond Francis",L000187,1938,2008.0,-0.391,0.233,,,,,,-0.774,0.633
97,House,14436,14,24,PA,200,0,1,"MARKS, Marc Lincoln",M000136,1927,2018.0,-0.011,-0.399,-184.88944,0.643,419,83,,0.008,-0.366
97,House,14441,14,22,PA,100,0,1,"MURPHY, Austin John",M001088,1927,,-0.081,-0.357,-324.74953,0.589,614,155,,-0.148,-0.209
97,House,14460,14,18,PA,100,0,1,"WALGREN, Douglas",W000044,1940,,-0.247,-0.317,-211.03474,0.723,651,96,,-0.233,-0.324
97,House,14461,14,16,PA,200,0,1,"WALKER, Robert Smith",W000068,1942,,0.581,-0.639,-295.67876,0.638,658,162,,0.596,-0.803
97,House,14603,14,21,PA,100,0,1,"BAILEY, Donald Allen",B000037,1945,2020.0,-0.347,0.573,-151.46296,0.795,661,61,,-0.398,0.65
97,House,14612,14,23,PA,200,0,1,"CLINGER, William Floyd, Jr.",C000523,1929,2021.0,0.176,-0.221,-250.43405,0.69,676,116,,0.149,-0.323
97,House,14622,14,4,PA,200,0,1,"DOUGHERTY, Charles Francis",D000446,1937,,-0.018,-0.154,-209.3828,0.674,531,105,,0.012,-0.049
97,House,14629,14,2,PA,100,0,1,"GRAY, William Herbert, III",G000402,1941,2013.0,-0.511,-0.219,-106.09603,0.835,590,38,,-0.606,-0.226
97,House,14654,14,15,PA,200,0,1,"RITTER, Donald Lawrence",R000277,1940,,0.268,-0.154,-251.16548,0.684,662,109,,0.332,-0.35
97,House,14807,14,8,PA,200,0,1,"COYNE, James Kitchenman, III",C000845,1946,,0.223,-0.449,-226.02912,0.696,623,105,,0.225,-0.462
97,House,14808,14,14,PA,100,0,1,"COYNE, William Joseph",C000846,1936,2013.0,-0.494,-0.119,-151.73497,0.795,662,66,,-0.446,0.007
97,House,14823,14,1,PA,328,0,1,"FOGLIETTA, Thomas Michael",F000235,1928,2004.0,-0.506,-0.057,-138.97674,0.785,574,63,,-0.392,-0.17
97,House,14849,14,11,PA,200,0,1,"NELLIGAN, James Leo",N000027,1929,,0.13,-0.1,-221.4749,0.709,645,105,,0.129,-0.093
97,House,14876,14,3,PA,100,2,2,"SMITH, Joseph Francis",S000579,1920,1999.0,-0.369,0.445,-93.78882,0.795,409,40,,-0.363,0.424
97,House,94602,14,25,PA,200,0,1,"ATKINSON, Eugene Vincent",A000329,1927,2016.0,0.069,-0.186,-321.93193,0.591,612,155,,0.069,-0.179
97,House,10561,5,1,RI,100,0,1,"ST. GERMAIN, Fernand Joseph",S000762,1928,2014.0,-0.355,-0.091,-165.14087,0.765,616,83,,-0.312,-0.098
97,House,14857,5,2,RI,200,0,1,"SCHNEIDER, Claudine",S000136,1947,,-0.026,-0.733,-209.12094,0.722,641,79,,-0.051,-0.645
97,House,13042,48,2,SC,200,0,1,"SPENCE, Floyd Davidson",S000718,1928,2001.0,0.32,0.185,-166.66524,0.781,673,68,,0.273,0.35
97,House,14212,48,3,SC,100,0,1,"DERRICK, Butler Carson, Jr.",D000267,1936,2014.0,-0.215,0.258,-213.08298,0.701,600,94,,-0.186,0.183
97,House,14235,48,5,SC,100,0,1,"HOLLAND, Kenneth Lamar",H000719,1934,2021.0,-0.246,0.523,-154.00886,0.737,505,62,,-0.156,0.592
97,House,14609,48,4,SC,200,0,1,"CAMPBELL, Carroll Ashmore, Jr.",C000079,1940,2005.0,0.306,0.115,-141.16004,0.798,626,49,,0.285,0.212
97,House,14830,48,1,SC,200,0,1,"HARTNETT, Thomas Forbes",H000302,1941,,0.503,0.142,-209.60169,0.72,637,99,,0.473,-0.012
97,House,14848,48,6,SC,200,0,1,"NAPIER, John Light",N000005,1947,,0.177,0.294,-194.44247,0.732,624,85,,0.175,0.309
97,House,14617,37,1,SD,100,0,1,"DASCHLE, Thomas Andrew",D000064,1947,,-0.303,0.114,-224.59121,0.698,624,91,,-0.239,-0.037
97,House,14851,37,2,SD,200,0,1,"ROBERTS, Clint Ronald",R000308,1935,2017.0,0.416,0.043,-214.76667,0.706,618,95,,0.414,0.056
97,House,10616,54,1,TN,200,0,1,"QUILLEN, James Henry",Q000013,1916,2003.0,0.246,0.23,-197.90474,0.719,601,90,,0.201,0.413
97,House,10719,54,2,TN,200,0,1,"DUNCAN, John James",D000534,1919,1988.0,0.194,0.21,-172.72323,0.763,639,78,,0.147,0.299
97,House,12038,54,7,TN,100,0,1,"JONES, Ed",J000216,1912,1999.0,-0.245,0.827,-163.74908,0.76,596,74,,-0.214,0.682
97,House,14004,54,6,TN,200,0,1,"BEARD, Robin Leo, Jr.",B000280,1939,2007.0,0.297,0.34,-121.81273,0.783,497,51,,0.261,0.259
97,House,14224,54,8,TN,100,0,1,"FORD, Harold Eugene",F000261,1945,,-0.438,-0.064,-149.45046,0.779,598,67,,-0.589,0.024
97,House,14251,54,3,TN,100,0,1,"LLOYD, Marilyn Laird",L000381,1929,2018.0,-0.058,0.452,-202.80226,0.729,642,102,,-0.181,0.844
97,House,14423,54,4,TN,100,0,1,"GORE, Albert Arnold, Jr.",G000321,1948,,-0.316,0.155,-178.32435,0.767,671,80,,-0.415,0.377
97,House,14607,54,5,TN,100,0,1,"BONER, William Hill",B000615,1945,,-0.228,0.455,-152.7997,0.781,619,63,,-0.217,0.439
97,House,1077,49,9,TX,100,0,1,"BROOKS, Jack Bascom",B000880,1922,2012.0,-0.407,0.725,-156.28417,0.76,569,73,,-0.349,0.547
97,House,10391,49,12,TX,100,0,1,"WRIGHT, James Claude, Jr.",W000763,1922,2015.0,-0.383,0.672,-116.84156,0.829,623,46,,-0.371,0.703
97,House,10520,49,20,TX,100,0,1,"GONZÁLEZ, Henry B.",G000272,1916,2000.0,-0.538,0.558,-219.73134,0.715,655,95,,-0.695,0.719
97,House,10614,49,10,TX,100,0,1,"PICKLE, James Jarrell (Jake)",P000328,1913,2005.0,-0.218,0.523,-234.61865,0.695,646,103,,-0.106,0.225
97,House,10716,49,15,TX,100,0,1,"de la GARZA, Eligio, II (Kika)",D000203,1927,2017.0,-0.255,0.757,-164.60287,0.761,604,67,,-0.251,0.62
97,House,10783,49,16,TX,100,0,1,"WHITE, Richard Crawford",W000390,1923,1998.0,-0.137,0.601,-183.74701,0.752,645,85,,-0.074,0.717
97,House,11023,49,23,TX,100,0,1,"KAZEN, Abraham, Jr.",K000025,1919,1987.0,-0.219,0.747,-204.08584,0.739,675,102,,-0.185,0.87
97,House,11066,49,3,TX,200,0,1,"COLLINS, James Mitchell",C000638,1916,1989.0,0.679,0.122,-153.27408,0.765,571,66,,0.642,0.045
97,House,13002,49,7,TX,200,0,1,"ARCHER, William Reynolds, Jr.",A000215,1928,,0.496,0.2,-175.76794,0.767,663,90,,0.559,0.105
97,House,14062,49,2,TX,100,0,1,"WILSON, Charles",W000570,1933,2010.0,-0.196,0.474,-184.54644,0.714,548,77,,-0.137,0.644
97,House,14234,49,13,TX,100,0,1,"HIGHTOWER, Jack English",H000582,1926,2013.0,-0.115,0.711,-223.93921,0.711,656,106,,-0.055,0.421
97,House,14290,49,22,TX,200,0,1,"PAUL, Ronald Ernest",P000583,1935,,0.863,-0.505,-315.56063,0.613,645,142,,0.908,-0.418
97,House,14291,49,1,TX,100,0,1,"HALL, Sam Blakeley, Jr.",H000070,1924,1994.0,0.054,0.936,-266.02046,0.669,662,117,,0.032,0.859
97,House,14439,49,5,TX,100,0,1,"MATTOX, James Albon",M000260,1943,2008.0,-0.19,-0.041,-183.3101,0.677,470,79,,-0.358,0.008
97,House,14626,49,24,TX,100,0,1,"FROST, Jonas Martin",F000392,1942,,-0.316,0.354,-143.4606,0.792,615,68,,-0.391,0.443
97,House,14633,49,19,TX,100,0,1,"HANCE, Kent Ronald",H000144,1942,,-0.042,0.747,-256.11679,0.662,621,117,,-0.025,0.843
97,House,14641,49,11,TX,100,0,1,"LEATH, James Marvin",L000180,1931,2000.0,0.049,0.999,-191.07473,0.742,639,83,,0.097,0.995
97,House,14643,49,18,TX,100,0,1,"LELAND, George Thomas (Mickey)",L000237,1944,1989.0,-0.596,-0.228,-119.54399,0.819,600,52,,-0.642,-0.249
97,House,14645,49,21,TX,200,0,1,"LOEFFLER, Thomas Gilbert",L000396,1946,,0.425,0.229,-151.96813,0.798,672,60,,0.387,0.374
97,House,14664,49,17,TX,100,0,1,"STENHOLM, Charles Walter",S000851,1938,,0.019,1.0,-263.21733,0.667,651,119,,0.204,0.833
97,House,14822,49,8,TX,200,0,1,"FIELDS, Jack Milton, Jr.",F000111,1952,,0.541,-0.128,-210.21745,0.724,652,91,,0.578,-0.082
97,House,14828,49,4,TX,100,0,1,"HALL, Ralph Moody",H000067,1923,2019.0,0.096,0.995,-278.05624,0.651,648,135,,0.022,0.872
97,House,14850,49,14,TX,100,0,1,"PATMAN, William Neff",P000104,1927,2008.0,-0.03,0.923,-282.17559,0.652,660,133,,-0.117,0.993
97,House,94628,49,6,TX,100,0,1,"GRAMM, William Philip (Phil)",G000365,1942,,0.215,0.755,-260.45127,0.671,654,117,,0.395,0.896
97,House,14438,67,2,UT,200,0,1,"MARRIOTT, David Daniel",M000143,1939,,0.264,0.097,-165.27784,0.77,631,73,,0.203,0.111
97,House,14829,67,1,UT,200,0,1,"HANSEN, James Vear",H000172,1932,2018.0,0.496,0.143,-149.94322,0.77,573,70,,0.48,0.179
97,House,14240,6,1,VT,200,0,1,"JEFFORDS, James Merrill",J000072,1934,2014.0,0.014,-0.687,-251.75563,0.665,617,104,,-0.002,-0.642
97,House,9802,40,9,VA,200,0,1,"WAMPLER, William Creed",W000121,1926,2012.0,0.146,0.212,-193.62126,0.736,633,85,,0.145,0.29
97,House,12011,40,5,VA,100,0,1,"DANIEL, Wilbur Clarence (Dan)",D000038,1914,1988.0,0.161,0.775,-192.64162,0.741,642,78,,0.218,0.729
97,House,12033,40,2,VA,200,0,1,"WHITEHURST, George William",W000406,1925,,0.233,0.06,-170.00201,0.763,630,73,,0.241,0.148
97,House,13036,40,7,VA,200,0,1,"ROBINSON, James Kenneth",R000337,1916,1990.0,0.333,0.377,-157.78264,0.791,674,65,,0.334,0.381
97,House,13055,40,6,VA,200,0,1,"BUTLER, Manley Caldwell",B001182,1925,2014.0,0.332,-0.06,-338.32511,0.578,617,146,,0.455,-0.531
97,House,14013,40,4,VA,200,0,1,"DANIEL, Robert Williams, Jr.",D000037,1936,2012.0,0.318,0.346,-150.56778,0.798,668,66,,0.36,0.271
97,House,14043,40,8,VA,200,0,1,"PARRIS, Stanford E.",P000080,1929,2010.0,0.287,-0.179,-239.87796,0.691,650,116,,0.192,0.027
97,House,14456,40,1,VA,200,0,1,"TRIBLE, Paul Seward, Jr.",T000367,1946,,0.263,0.036,-148.76292,0.772,574,59,,0.236,0.09
97,House,14802,40,3,VA,200,0,1,"BLILEY, Thomas Jerome, Jr.",B000556,1932,,0.382,-0.13,-170.37421,0.775,670,69,,0.363,0.117
97,House,14869,40,10,VA,200,0,1,"WOLF, Frank Rudolph",W000672,1939,,0.284,-0.213,-204.1214,0.735,664,87,,0.176,-0.084
97,House,10726,73,5,WA,100,0,1,"FOLEY, Thomas Stephen",F000239,1929,2013.0,-0.354,0.192,-148.23254,0.795,646,67,,-0.38,0.433
97,House,14044,73,1,WA,200,0,1,"PRITCHARD, Joel McFee",P000546,1925,1997.0,0.109,-0.587,-209.7523,0.699,585,94,,0.084,-0.515
97,House,14208,73,3,WA,100,0,1,"BONKER, Don Leroy",B000620,1937,,-0.336,-0.059,-148.74349,0.778,593,78,,-0.312,0.021
97,House,14413,73,6,WA,100,0,1,"DICKS, Norman DeValois",D000327,1940,,-0.312,0.11,-168.01788,0.77,643,69,,-0.317,0.286
97,House,14646,73,7,WA,100,0,1,"LOWRY, Michael Edward",L000486,1939,2017.0,-0.401,-0.563,-181.26149,0.759,656,67,,-0.435,-0.454
97,House,14666,73,2,WA,100,0,1,"SWIFT, Allan Byron",S001115,1935,2018.0,-0.43,0.099,-174.67325,0.766,656,74,,-0.313,-0.065
97,House,14847,73,4,WA,200,0,1,"MORRISON, Sidney Wallace",M000999,1933,,0.153,-0.158,-203.24971,0.738,668,79,,0.21,0.001
97,House,6584,56,1,WV,100,0,1,"MOLLOHAN, Robert Homer",M000845,1909,1999.0,-0.349,0.586,-146.57288,0.779,587,64,,-0.4,0.811
97,House,14448,56,4,WV,100,0,1,"RAHALL, Nick Joe, II",R000011,1949,,-0.306,0.45,-256.02577,0.654,603,101,,-0.44,0.202
97,House,14801,56,2,WV,200,0,1,"BENEDICT, Cleveland Keith",B000358,1935,,0.265,-0.054,-203.16172,0.722,623,91,,0.269,-0.08
97,House,14865,56,3,WV,200,0,1,"STATON, David Michael",S000818,1940,2014.0,0.33,0.034,-196.46153,0.741,654,86,,0.328,0.041
97,House,5101,25,2,WI,100,0,1,"KASTENMEIER, Robert William",K000020,1924,2015.0,-0.514,-0.452,-166.69085,0.78,670,69,,-0.57,-0.413
97,House,7824,25,5,WI,100,0,1,"REUSS, Henry Schoellkopf",R000165,1912,2002.0,-0.481,-0.278,-146.10848,0.785,605,66,,-0.468,-0.275
97,House,10463,25,4,WI,100,0,1,"ZABLOCKI, Clement John",Z000001,1912,1983.0,-0.355,0.293,-150.27311,0.791,641,60,,-0.324,0.332
97,House,12036,25,7,WI,100,0,1,"OBEY, David Ross",O000007,1938,,-0.45,-0.063,-233.87549,0.695,643,96,,-0.425,-0.222
97,House,13003,25,1,WI,100,0,1,"ASPIN, Leslie",A000224,1938,1995.0,-0.32,-0.125,-209.97773,0.709,610,91,,-0.319,-0.108
97,House,14655,25,8,WI,200,0,1,"ROTH, Toby A.",R000459,1938,,0.351,-0.21,-224.48059,0.7,630,108,,0.268,-0.167
97,House,14657,25,9,WI,200,0,1,"SENSENBRENNER, Frank James, Jr.",S000244,1943,,0.638,-0.579,-323.08074,0.61653,668,157,,0.459,-0.452
97,House,14675,25,6,WI,200,0,1,"PETRI, Thomas Evert",P000265,1940,,0.379,-0.367,-341.5474,0.593,654,163,,0.306,-0.555
97,House,14827,25,3,WI,200,0,1,"GUNDERSON, Steven Craig",G000524,1951,,0.203,-0.293,-272.07152,0.669,676,124,,0.27,-0.43
97,House,14611,68,1,WY,200,0,1,"CHENEY, Richard Bruce",C000344,1941,,0.523,-0.068,-178.29442,0.755,635,77,,0.456,0.119
